Rank,School_x,Conference_x,Coach,TotalPay,index,Yrs,G,W,L,T,Pct,Last School,Stadium,Capacity,City,State_x,HomeTeams,Year,School_y,Conference_y,Sport,State_y,GSR,FGR,SchoolG
1,Oklahoma,Big 12,Lincoln Riley,4800000,1640,3,42,36,6,0,0.857,Oklahoma,Gaylord Family Oklahoma Memorial Stadium,88308,Norman,Oklahoma,Oklahoma Sooners,1998,University of Oklahoma,Big 12 Conference,Football,OK,51,38,Oklahoma
2,Ohio State,Big Ten,Urban Meyer,7600000,1332,17,219,187,32,0,0.854,Ohio State,Ohio Stadium,110045,Columbus,Ohio,Ohio State Buckeyes,1998,The Ohio State University,Big Ten Conference,Football,OH,54,49,Ohio State
3,Clemson,ACC,Dabo Swinney,6543350,1905,12,161,130,31,0,0.807,Clemson,Frank Howard Field at Clemson Memorial Stadium,86092,Clemson,South Carolina,Clemson Tigers,1998,Clemson University,Atlantic Coast Conference,Football,SC,72,49,Clemson
4,Washington,Pac-12,Chris Petersen,4377500,1541,14,185,147,38,0,0.795,Washington,FedExField,91704,Landover,Maryland,Washington Redskins,1998,Eastern Washington University,Big Sky Conference,Football,WA,76,42,Washington
5,Alabama,SEC,Nick Saban,8307000,1702,24,314,248,65,1,0.791,Alabama,Bryant–Denny Stadium,101821,Tuscaloosa,Alabama,Alabama Crimson Tide,1998,Alabama State University,Southwestern Athletic Conf.,Football,AL,44,41,Alabama
6,Georgia,SEC,Kirby Smart,6603600,1796,4,56,44,12,0,0.786,Georgia,Sanford Stadium,93246,Athens,Georgia,Georgia Bulldogs,1998,Georgia Southern University,Southern Conference,Football,GA,64,60,Georgia
7,Boise State,Mt. West,Bryan Harsin,1650010,837,7,93,71,22,0,0.763,Boise State,Albertsons Stadium,36387,Boise,Idaho,Boise State Broncos and the Famous Idaho Potato Bowl game,1998,Boise State University,Western Athletic Conference,Football,ID,66,52,Boise State
8,Texas A&M,SEC,Jimbo Fisher,7500000,660,10,132,100,32,0,0.758,Texas A&M,Kyle Field,110633,College Station,Texas,Texas A&M Aggies,1998,"Texas A&M University, College Station",Big 12 Conference,Football,TX,63,59,Texas A&M
9,Stanford,Pac-12,David Shaw,4311543,1760,9,120,86,34,0,0.717,Stanford,Stanford Stadium,50000,Stanford,California,Stanford Cardinal,1998,Stanford University,Pac-12 Conference,Football,CA,92,88,Stanford
10,Texas,Big 12,Tom Herman,5500000,879,5,66,47,19,0,0.712,Texas,Darrell K Royal–Texas Memorial Stadium,103507,Austin,Texas,Texas Longhorns,1998,University of North Texas,Sun Belt Conference,Football,TX,52,47,Texas
11,Notre Dame,Ind.,Brian Kelly,2129638,1041,16,204,145,59,0,0.711,Notre Dame,Notre Dame Stadium,77622,South Bend,Indiana,Notre Dame Fighting Irish,1998,University of Notre Dame,Independent,Football,IN,96,85,Notre Dame
12,Memphis,AAC,Mike Norvell,2600000,1461,4,54,38,16,0,0.704,Memphis,Liberty Bowl Memorial Stadium,58318,Memphis,Tennessee,"Memphis Tigers, the Liberty Bowl game, and the Southern Heritage Classic game",1998,University of Memphis,Conference USA,Football,TN,61,48,Memphis
13,Louisville,ACC,Bobby Petrino,3980434,1544,14,175,119,56,0,0.68,Western Kentucky,Cardinal Stadium,61000,Louisville,Kentucky,Louisville Cardinals,1998,University of Louisville,Conference USA,Football,KY,48,42,Louisville
14,Auburn,SEC,Gus Malzahn,6705656,1217,8,105,71,34,0,0.676,Auburn,Jordan-Hare Stadium,87451,Auburn,Alabama,Auburn Tigers,1998,Auburn University,Southeastern Conference,Football,AL,59,46,Auburn
15,Utah,Pac-12,Kyle Whittingham,3787917,2080,16,195,131,64,0,0.672,Utah,Rice-Eccles Stadium,45807,Salt Lake City,Utah,Utah Utes,1998,Southern Utah University,Independent,Football,UT,63,45,Utah
16,Wisconsin,Big Ten,Paul Chryst,3750000,329,8,106,71,35,0,0.67,Wisconsin,Camp Randall Stadium,80321,Madison,Wisconsin,Wisconsin Badgers,1998,University of Wisconsin-Madison,Big Ten Conference,Football,WI,67,50,Wisconsin
17,Oklahoma State,Big 12,Mike Gundy,5000000,782,15,193,129,64,0,0.668,Oklahoma State,Boone Pickens Stadium,60218,Stillwater,Oklahoma,Oklahoma State Cowboys,1998,Oklahoma State University,Big 12 Conference,Football,OK,61,62,Oklahoma State
18,Michigan,Big Ten,Jim Harbaugh,7504000,817,9,115,76,39,0,0.661,Michigan,Michigan Stadium,115109,Ann Arbor,Michigan,Michigan Wolverines,1998,Central Michigan University,Mid-American Conference,Football,MI,64,55,Michigan
19,Kansas State,Big 12,Bill Snyder,3500000,1818,27,333,215,117,1,0.647,Kansas State,Bill Snyder Family Football Stadium,50000,Manhattan,Kansas,Kansas State Wildcats,1998,Kansas State University,Big 12 Conference,Football,KS,75,56,Kansas State
20,Florida Atlantic,C-USA,Lane Kiffin,1000000,1059,8,96,62,34,0,0.646,Florida Atlantic,FAU Stadium,30000,Boca Raton,Florida,Florida Atlantic Owls,2001,Florida Atlantic University,Sun Belt Conference,Football,FL,51,43,Florida Atlantic
21,Michigan State,Big Ten,Mark Dantonio,4390417,462,16,206,132,74,0,0.641,Michigan State,Spartan Stadium,75005,East Lansing,Michigan,Michigan State Spartans,1998,Michigan State University,Big Ten Conference,Football,MI,41,39,Michigan State
22,Virginia,ACC,Bronco Mendenhall,3550000,1322,15,194,124,70,0,0.639,Virginia,Scott Stadium,61500,Charlottesville,Virginia,Virginia Cavaliers,1998,Virginia Military Institute,Big South Conference,Football,VA,63,53,Virginia
23,Florida,SEC,Dan Mullen,6070000,1403,11,141,90,51,0,0.638,Florida,Ben Hill Griffin Stadium,90916,Gainesville,Florida,Florida Gators,1998,University of Central Florida,Mid-American Conference,Football,FL,58,36,Florida
24,Troy,Sun Belt,Neal Brown,810000,221,5,63,40,23,0,0.635,West Virginia,Veterans Memorial Stadium,30402,Troy,Alabama,Troy Trojans,1998,Troy University,Sun Belt Conference,Football,AL,74,53,Troy
25,Northern Illinois,MAC,Rod Carey,633460,283,8,95,60,35,0,0.632,Temple,Huskie Stadium,30998,DeKalb,Illinois,Northern Illinois Huskies,1998,Northern Illinois University,Mid-American Conference,Football,IL,56,49,Northern Illinois
26,Arizona,Pac-12,Kevin Sumlin,2000000,1892,12,153,95,58,0,0.621,Arizona,State Farm Stadium,63400,Glendale,Arizona,"Arizona Cardinals, the Fiesta Bowl game, hosted the BCS National Championship game every fourth year, and will host a College Football semifinal game once every three years",1998,University of Arizona,Pac-12 Conference,Football,AZ,44,41,Arizona
27,Cincinnati,AAC,Luke Fickell,2000000,654,4,52,32,20,0,0.615,Cincinnati,Paul Brown Stadium,65535,Cincinnati,Ohio,"Cincinnati Bengals, occasionally hosts Cincinnati Bearcats games",1998,University of Cincinnati,Conference USA,Football,OH,68,67,Cincinnati
28,Arkansas State,Sun Belt,Blake Anderson,825000,32,6,77,47,30,0,0.61,Arkansas State,Centennial Bank Stadium,30964,Jonesboro,Arkansas,Arkansas State Red Wolves,1998,Arkansas State University,Sun Belt Conference,Football,AR,58,45,Arkansas State
29,Iowa,Big Ten,Kirk Ferentz,4700000,646,21,266,162,104,0,0.609,Iowa,Kinnick Stadium,70585,Iowa City,Iowa,Iowa Hawkeyes,1998,University of Iowa,Big Ten Conference,Football,IA,58,53,Iowa
30,Washington State,Pac-12,Mike Leach,3500000,1140,18,229,139,90,0,0.607,Washington State,Martin Stadium,35117,Pullman,Washington,Washington State Cougars,1998,Washington State University,Pac-12 Conference,Football,WA,56,62,Washington State
31,Marshall,C-USA,Doc Holliday,762570,914,10,129,78,51,0,0.605,Marshall,Joan C. Edwards Stadium,38227,Huntington,West Virginia,Marshall Thundering Herd,1998,Marshall University,Mid-American Conference,Football,WV,79,65,Marshall
32,Iowa State,Big 12,Matt Campbell,3500000,271,9,101,61,40,0,0.604,Iowa State,Jack Trice Stadium,61500,Ames,Iowa,Iowa State Cyclones,1998,Iowa State University,Big 12 Conference,Football,IA,51,54,Iowa State
33,Purdue,Big Ten,Jeff Brohm,3800000,207,6,78,47,31,0,0.603,Purdue,Ross–Ade Stadium,57236,West Lafayette,Indiana,Purdue Boilermakers,1998,Purdue University,Big Ten Conference,Football,IN,70,62,Purdue
34,Minnesota,Big Ten,P.J. Fleck,3550000,668,7,90,53,37,0,0.589,Minnesota,U.S. Bank Stadium,66655,Minneapolis,Minnesota,Minnesota Vikings,1998,"University of Minnesota, Twin Cities",Big Ten Conference,Football,MN,41,38,Minnesota
35,Air Force,Mt. West,Troy Calhoun,885000,258,13,167,98,69,0,0.587,Air Force,Falcon Stadium,52480,Colorado Springs,Colorado,Air Force Falcons,1998,U.S. Air Force Academy,Mountain West Conference,Football,CO,91,,Air Force
36,South Florida,AAC,Charlie Strong,1000000,1882,11,127,74,53,0,0.583,South Florida,Raymond James Stadium,65647,Tampa,Florida,"Tampa Bay Buccaneers, South Florida Bulls, and the Outback Bowl game",1998,University of South Florida,Conference USA,Football,FL,57,50,South Florida
37,Houston,AAC,Major Applewhite,1750000,45,3,26,15,11,0,0.577,Houston,TDECU Stadium,40000,Houston,Texas,Houston Cougars,1998,University of Houston,Conference USA,Football,TX,45,42,Houston
38,San Diego State,Mt. West,Rocky Long,873576,1183,20,253,146,107,0,0.577,San Diego State,SDCCU Stadium,70561,San Diego,California,"San Diego State Aztecs, the Holiday Bowl game, and the Poinsettia Bowl game",1998,San Diego State University,Mountain West Conference,Football,CA,74,69,San Diego State
39,West Virginia,Big 12,Dana Holgorsen,3617500,909,9,114,65,49,0,0.57,Houston,Mountaineer Field at Milan Puskar Stadium,60540,Morgantown,West Virginia,West Virginia Mountaineers,1998,West Virginia University,American Athletic Conference,Football,WV,64,52,West Virginia
40,Louisiana Tech,C-USA,Skip Holtz,700000,929,15,194,110,84,0,0.567,Louisiana Tech,Joe Aillet Stadium,28562,Ruston,Louisiana,Louisiana Tech Bulldogs,1998,Louisiana Tech University,Western Athletic Conference,Football,LA,63,66,Louisiana Tech
41,Nebraska,Big Ten,Scott Frost,5000000,696,4,50,28,22,0,0.56,Nebraska,Memorial Stadium,91585,Lincoln,Nebraska,Nebraska Cornhuskers,1998,"University of Nebraska, Lincoln",Big 12 Conference,Football,NE,85,71,Nebraska
42,North Carolina,ACC,Larry Fedora,2575000,639,11,141,79,62,0,0.56,North Carolina,Kenan Memorial Stadium,51000,Chapel Hill,North Carolina,North Carolina Tar Heels,1998,"University of North Carolina, Chapel Hill",Atlantic Coast Conference,Football,NC,64,57,North Carolina
43,Northwestern,Big Ten,Pat Fitzgerald,3619775,664,14,178,99,79,0,0.556,Northwestern,Ryan Field,47130,Evanston,Illinois,Northwestern Wildcats,1998,Northwestern State University,Southland Conference,Football,LA,53,40,Northwestern
44,Pittsburgh,ACC,Pat Narduzzi,3017718,1428,5,65,36,29,0,0.554,Pittsburgh,Heinz Field,68400,Pittsburgh,Pennsylvania,"Pittsburgh Steelers, Pittsburgh Panthers",1998,University of Pittsburgh,American Athletic Conference,Football,PA,48,31,Pittsburgh
45,Tulane,AAC,Willie Fritz,1629000,693,6,75,41,34,0,0.547,Tulane,Benson Field at Yulman Stadium,30000,New Orleans,Louisiana,Tulane Green Wave,1998,Tulane University,Conference USA,Football,LA,77,75,Tulane
46,Akron,MAC,Terry Bowden,412500,180,13,152,82,69,1,0.543,Akron,InfoCision Stadium–Summa Field,30000,Akron,Ohio,Akron Zips,1998,University of Akron,Mid-American Conference,Football,OH,60,53,Akron
47,South Carolina,SEC,Will Muschamp,4200000,1416,8,100,54,46,0,0.54,South Carolina,Williams-Brice Stadium,80250,Columbia,South Carolina,South Carolina Gamecocks,1998,South Carolina State University,Mid-Eastern Athletic Conf.,Football,SC,59,44,South Carolina
48,Syracuse,ACC,Dino Babers,2401206,59,6,76,41,35,0,0.539,Syracuse,Carrier Dome,49262,Syracuse,New York,Syracuse Orange,1998,Syracuse University,American Athletic Conference,Football,NY,75,75,Syracuse
49,Mississippi State,SEC,Joe Moorhead,2600000,1378,2,26,14,12,0,0.538,Mississippi State,Davis Wade Stadium,61337,Starkville,Mississippi,Mississippi State Bulldogs,1998,Mississippi State University,Southeastern Conference,Football,MS,57,58,Mississippi State
50,California,Pac-12,Justin Wilcox,1500000,2089,3,38,20,18,0,0.526,California,California Memorial Stadium,62717,Berkeley,California,California Golden Bears,1998,California Polytechnic State University,Independent,Football,CA,65,55,California
51,Western Michigan,MAC,Tim Lester,800000,1152,3,38,20,18,0,0.526,Western Michigan,Waldo Stadium,30100,Kalamazoo,Michigan,Western Michigan Broncos,1998,Western Michigan University,Mid-American Conference,Football,MI,70,64,Western Michigan
52,Tennessee,SEC,Jeremy Pruitt,3846000,1588,2,25,13,12,0,0.52,Tennessee,Neyland Stadium,109061,Knoxville,Tennessee,Tennessee Volunteers,1998,Middle Tennessee State University,Sun Belt Conference,Football,TN,52,51,Tennessee
53,Duke,ACC,David Cutcliffe,2540928,455,19,224,116,108,0,0.518,Duke,Wallace Wade Stadium,40004,Durham,North Carolina,Duke Blue Devils,1998,Duke University,Atlantic Coast Conference,Football,NC,87,81,Duke
54,Boston College,ACC,Steve Addazio,2514859,5,9,112,57,55,0,0.509,Boston College,Alumni Stadium,44500,Chestnut Hill,Massachusetts,Boston College Eagles,1998,Boston College,American Athletic Conference,Football,MA,89,83,Boston College
55,Kentucky,SEC,Mark Stoops,4013600,1872,7,88,44,44,0,0.5,Kentucky,Kroger Field,61000,Lexington,Kentucky,Kentucky Wildcats,1998,Eastern Kentucky University,Ohio Valley Conference,Football,KY,53,43,Kentucky
56,Missouri,SEC,Barry Odom,2350000,1483,4,50,25,25,0,0.5,Missouri,Faurot Field,71168,Columbia,Missouri,Missouri Tigers,1998,"University of Missouri, Columbia",Big 12 Conference,Football,MO,53,43,Missouri
57,Buffalo,MAC,Lance Leipold,455500,1147,5,63,31,32,0,0.492,Buffalo,New Era Field,73079,Orchard Park,New York,Buffalo Bills,1998,"University at Buffalo, the State University of New York",Mid-American Conference,Football,NY,76,64,Buffalo
58,Wake Forest,ACC,Dave Clawson,1831580,346,11,140,68,72,0,0.486,Wake Forest,BB&T Field,31500,Winston-Salem,North Carolina,Wake Forest Demon Deacons,1998,Wake Forest University,Atlantic Coast Conference,Football,NC,96,87,Wake Forest
59,Florida State,ACC,Willie Taggart,5000000,1908,10,118,56,62,0,0.475,Florida State,Bobby Bowden Field at Doak Campbell Stadium,79560,Tallahassee,Florida,Florida State Seminoles,1998,Florida State University,Atlantic Coast Conference,Football,FL,52,46,Florida State
60,Indiana,Big Ten,Tom Allen,1830000,20,4,38,18,20,0,0.474,Indiana,Lucas Oil Stadium,63000,Indianapolis,Indiana,"Indianapolis Colts, the Big Ten Championship Game, the Circle City Classic game",1998,Indiana State University,Missouri Valley Football Conference,Football,IN,78,62,Indiana
61,Wyoming,Mt. West,Craig Bohl,1412000,170,6,76,36,40,0,0.474,Wyoming,War Memorial Stadium,32580,Laramie,Wyoming,Wyoming Cowboys,1998,University of Wyoming,Mountain West Conference,Football,WY,79,46,Wyoming
62,Oregon,Pac-12,Mario Cristobal,2500000,421,9,102,48,54,0,0.471,Oregon,Autzen Stadium,54000,Eugene,Oregon,Oregon Ducks,1998,University of Oregon,Pac-12 Conference,Football,OR,63,66,Oregon
63,Texas Tech,Big 12,Kliff Kingsbury,3703975,1075,6,75,35,40,0,0.467,Texas Tech,Jones AT&T Stadium,60454,Lubbock,Texas,Texas Tech Red Raiders,1998,Texas Tech University,Big 12 Conference,Football,TX,73,65,Texas Tech
64,Colorado State,Mt. West,Mike Bobo,1800000,168,5,63,28,35,0,0.444,Colorado State,Empower Field at Mile High,76125,Denver,Colorado,Denver Broncos and the Rocky Mountain Showdown (Colorado vs. Colorado State) game,1998,Colorado State University,Mountain West Conference,Football,CO,59,52,Colorado State
65,New Mexico,Mt. West,Bob Davie,823740,469,13,159,70,89,0,0.44,New Mexico,Dreamstyle Stadium,39224,Albuquerque,New Mexico,New Mexico Lobos and the New Mexico Bowl game,1998,University of New Mexico,Mountain West Conference,Football,NM,47,44,New Mexico
66,Colorado,Pac-12,Mike MacIntyre,2878500,1203,9,111,46,65,0,0.414,Colorado,Folsom Field,50183,Boulder,Colorado,Colorado Buffaloes,1998,"University of Colorado, Boulder",Big 12 Conference,Football,CO,58,53,Colorado
67,Tulsa,AAC,Philip Montgomery,1518177,1370,5,62,25,37,0,0.403,Tulsa,Skelly Field at H. A. Chapman Stadium,30000,Tulsa,Oklahoma,Tulsa Golden Hurricane,1998,The University of Tulsa,Western Athletic Conference,Football,OK,62,45,Tulsa
68,Vanderbilt,SEC,Derek Mason,2812523,1234,6,74,27,47,0,0.365,Vanderbilt,Vanderbilt Stadium,39790,Nashville,Tennessee,Vanderbilt Commodores,1998,Vanderbilt University,Southeastern Conference,Football,TN,93,88,Vanderbilt
69,Kent State,MAC,Sean Lewis,440000,1162,2,25,9,16,0,0.36,Kent State,Dix Stadium,30520,Kent,Ohio,Kent State Golden Flashes,1998,Kent State University,Mid-American Conference,Football,OH,74,67,Kent State
70,Illinois,Big Ten,Lovie Smith,5000000,1808,4,49,15,34,0,0.306,Illinois,Memorial Stadium,60670,Champaign,Illinois,Illinois Fighting Illini,1998,Eastern Illinois University,Ohio Valley Conference,Football,IL,63,50,Illinois
71,Arkansas,SEC,Chad Morris,3500000,1386,5,59,18,41,0,0.305,Arkansas,Donald W. Reynolds Razorback Stadium,76212,Fayetteville,Arkansas,Arkansas Razorbacks,1998,"University of Arkansas, Fayetteville",Southeastern Conference,Football,AR,47,33,Arkansas
72,New Mexico State,Ind.,Doug Martin,419640,1231,14,167,51,116,0,0.305,New Mexico State,Aggie Memorial Stadium,30343,Las Cruces,New Mexico,New Mexico State Aggies,1998,New Mexico State University,Sun Belt Conference,Football,NM,58,52,New Mexico State
73,Oregon State,Pac-12,Jonathan Smith,1900008,1806,2,24,7,17,0,0.292,Oregon State,Reser Stadium,45674,Corvallis,Oregon,Oregon State Beavers,1998,Oregon State University,Pac-12 Conference,Football,OR,53,46,Oregon State
74,Texas State,Sun Belt,Everett Withers,700000,2121,4,48,14,34,0,0.292,Texas State,Jim Wacker Field at Bobcat Stadium,30000,San Marcos,Texas,Texas State Bobcats,1998,Texas State University,Southland Conference,Football,TX,68,62,Texas State
75,East Carolina,AAC,Scottie Montgomery,1102500,1371,3,35,9,26,0,0.257,East Carolina,Dowdy–Ficklen Stadium,50000,Greenville,North Carolina,East Carolina Pirates,1998,East Carolina University,Conference USA,Football,NC,74,64,East Carolina
76,San Jose State,Mt. West,Brent Brennan,590424,194,3,37,8,29,0,0.216,San Jose State,CEFCU Stadium,30456,San Jose,California,San Jose State Spartans,1998,San Jose State University,Western Athletic Conference,Football,CA,36,31,San Jose State
77,South Alabama,Sun Belt,Steve Campbell,600000,272,2,24,5,19,0,0.208,South Alabama,Ladd–Peebles Stadium,40646,Mobile,Alabama,"South Alabama Jaguars, the GoDaddy.com Bowl game, and the Senior Bowl game",2008,University of South Alabama,Sun Belt Conference,Football,AL,64,44,South Alabama
78,Rutgers,Big Ten,Chris Ash,2200000,55,4,40,8,32,0,0.2,Rutgers,High Point Solutions Stadium,52454,Piscataway,New Jersey,Rutgers Scarlet Knights,1998,"Rutgers, The State University of New Jersey, New Brunswick",American Athletic Conference,Football,NJ,53,51,Rutgers
79,Kansas,Big 12,David Beaty,1701109,111,4,48,6,42,0,0.125,Kansas,Arrowhead Stadium,76416,Kansas City,Missouri,Kansas City Chiefs,1998,University of Kansas,Big 12 Conference,Football,KS,46,46,Kansas
80,Arizona State,Pac-12,Herm Edwards,2000000,,,,,,,,,Sun Devil Stadium,65870,Tempe,Arizona,Arizona State Sun Devils and the Cactus Bowl game,1998,Arizona State University,Pac-12 Conference,Football,AZ,52,49,Arizona State
81,Maryland,Big Ten,DJ Durkin,2512000,,,,,,,,,Capital One Field at Maryland Stadium,51802,College Park,Maryland,Maryland Terrapins,1998,"University of Maryland, College Park",Atlantic Coast Conference,Football,MD,63,62,Maryland